기록시각,탭,순위,제목,titleId,작가
2026-07-23 22:18,전체,1,김부장,783053,"{'writers': [{'id': 351540, 'name': '박만사'}, {'id': 364997, 'name': '남자의 이야기'}], 'painters': [{'id': 300655, 'name': '정종택', 'blogUrl': 'https://blog.naver.com/jongjt0302'}], 'originAuthors': []}"
2026-07-23 22:18,전체,2,외모지상주의,641253,"{'writers': [{'id': 283063, 'name': '박태준', 'blogUrl': 'https://blog.naver.com/thesooha'}], 'painters': [{'id': 283063, 'name': '박태준', 'blogUrl': 'https://blog.naver.com/thesooha'}], 'originAuthors': []}"
2026-07-23 22:18,전체,3,부활소년,848075,"{'writers': [{'id': 326532, 'name': '류', 'blogUrl': 'https://blog.naver.com/gyeonghun0617'}], 'painters': [{'id': 326532, 'name': '류', 'blogUrl': 'https://blog.naver.com/gyeonghun0617'}], 'originAuthors': []}"
2026-07-23 22:18,전체,4,화산귀환,769209,"{'writers': [{'id': 406909, 'name': 'ARCHE'}, {'id': 322253, 'name': 'LICO'}], 'painters': [{'id': 406909, 'name': 'ARCHE'}, {'id': 322253, 'name': 'LICO'}], 'originAuthors': [{'id': 344545, 'name': '비가'}]}"
2026-07-23 22:18,전체,5,나노마신,747271,"{'writers': [{'id': 334605, 'name': '현절무'}], 'painters': [{'id': 334606, 'name': '금강불괴'}], 'originAuthors': [{'id': 347598, 'name': '한중월야'}]}"
2026-07-23 22:59,전체,1,외모지상주의,641253,박태준
2026-07-23 22:59,전체,2,김부장,783053,글 박만사 · 남자의 이야기 / 그림 정종택
2026-07-23 22:59,전체,3,나 혼자 만렙 뉴비,773797,글 WAN.Z / 그림 스윙뱃 / 원작 메슬로우
2026-07-23 22:59,전체,4,여우놀이,768469,황혜진
2026-07-23 22:59,전체,5,아카데미에서 살아남기,820097,기린그린 / 원작 코리타
2026-07-23 23:12,전체,1,외모지상주의,641253,박태준
2026-07-23 23:12,전체,2,광마회귀,776601,JP / 이히 / 유진성
2026-07-23 23:12,전체,3,나 혼자 만렙 뉴비,773797,WAN.Z / 스윙뱃 / 메슬로우
2026-07-23 23:12,전체,4,악당들의 후원자가 되었다,844063,LICO / 조겐 / 봄한방울
2026-07-23 23:12,전체,5,두 얼굴,845646,신도로 / 캔라
2026-07-23 23:12,여성,1,네가 사는 그 집,842465,석우 / 해바다
2026-07-23 23:12,여성,2,여우놀이,768469,황혜진
2026-07-23 23:12,여성,3,그리디,845919,영하 / 랑라리
2026-07-23 23:12,여성,4,연상녀클럽,851476,한성만
2026-07-23 23:12,여성,5,문제적 왕자님,800046,선인장 / 솔체
2026-07-23 23:12,남성,1,외모지상주의,641253,박태준
2026-07-23 23:12,남성,2,광마회귀,776601,JP / 이히 / 유진성
2026-07-23 23:12,남성,3,나 혼자 만렙 뉴비,773797,WAN.Z / 스윙뱃 / 메슬로우
2026-07-23 23:12,남성,4,악당들의 후원자가 되었다,844063,LICO / 조겐 / 봄한방울
2026-07-23 23:12,남성,5,아카데미에서 살아남기,820097,기린그린 / 코리타
2026-07-24 00:59,전체,1,외모지상주의,641253,박태준
2026-07-24 00:59,전체,2,광마회귀,776601,JP / 이히 / 유진성
2026-07-24 00:59,전체,3,김부장,783053,"박만사, 남자의 이야기 / 정종택"
2026-07-24 00:59,전체,4,나 혼자 만렙 뉴비,773797,WAN.Z / 스윙뱃 / 메슬로우
2026-07-24 00:59,전체,5,악당들의 후원자가 되었다,844063,LICO / 조겐 / 봄한방울
2026-07-24 00:59,여성,1,그리디,845919,영하 / 랑라리
2026-07-24 00:59,여성,2,네가 사는 그 집,842465,석우 / 해바다
2026-07-24 00:59,여성,3,여우놀이,768469,황혜진
2026-07-24 00:59,여성,4,연상녀클럽,851476,한성만
2026-07-24 00:59,여성,5,소꿉친구 컴플렉스,822640,은하이
2026-07-24 00:59,남성,1,외모지상주의,641253,박태준
2026-07-24 00:59,남성,2,광마회귀,776601,JP / 이히 / 유진성
2026-07-24 00:59,남성,3,나 혼자 만렙 뉴비,773797,WAN.Z / 스윙뱃 / 메슬로우
2026-07-24 00:59,남성,4,김부장,783053,"박만사, 남자의 이야기 / 정종택"
2026-07-24 00:59,남성,5,부활소년,848075,류
2026-07-24 02:41,전체,1,외모지상주의,641253,박태준
2026-07-24 02:41,전체,2,광마회귀,776601,JP / 이히 / 유진성
2026-07-24 02:41,전체,3,김부장,783053,"박만사, 남자의 이야기 / 정종택"
2026-07-24 02:41,전체,4,부활소년,848075,류
2026-07-24 02:41,전체,5,나 혼자 만렙 뉴비,773797,WAN.Z / 스윙뱃 / 메슬로우
2026-07-24 02:41,여성,1,소꿉친구 컴플렉스,822640,은하이
2026-07-24 02:41,여성,2,연상녀클럽,851476,한성만
2026-07-24 02:41,여성,3,그리디,845919,영하 / 랑라리
2026-07-24 02:41,여성,4,여우놀이,768469,황혜진
2026-07-24 02:41,여성,5,네가 사는 그 집,842465,석우 / 해바다
2026-07-24 02:41,남성,1,외모지상주의,641253,박태준
2026-07-24 02:41,남성,2,광마회귀,776601,JP / 이히 / 유진성
2026-07-24 02:41,남성,3,부활소년,848075,류
2026-07-24 02:41,남성,4,나 혼자 만렙 뉴비,773797,WAN.Z / 스윙뱃 / 메슬로우
2026-07-24 02:41,남성,5,아카데미에서 살아남기,820097,기린그린 / 코리타
2026-07-24 04:39,전체,1,외모지상주의,641253,박태준
2026-07-24 04:39,전체,2,김부장,783053,"박만사, 남자의 이야기 / 정종택"
2026-07-24 04:39,전체,3,광마회귀,776601,JP / 이히 / 유진성
2026-07-24 04:39,전체,4,부활소년,848075,류
2026-07-24 04:39,전체,5,나 혼자 만렙 뉴비,773797,WAN.Z / 스윙뱃 / 메슬로우
2026-07-24 04:39,여성,1,소꿉친구 컴플렉스,822640,은하이
2026-07-24 04:39,여성,2,네가 사는 그 집,842465,석우 / 해바다
2026-07-24 04:39,여성,3,그리디,845919,영하 / 랑라리
2026-07-24 04:39,여성,4,여우놀이,768469,황혜진
2026-07-24 04:39,여성,5,연상녀클럽,851476,한성만
2026-07-24 04:39,남성,1,외모지상주의,641253,박태준
2026-07-24 04:39,남성,2,광마회귀,776601,JP / 이히 / 유진성
2026-07-24 04:39,남성,3,부활소년,848075,류
2026-07-24 04:39,남성,4,김부장,783053,"박만사, 남자의 이야기 / 정종택"
2026-07-24 04:39,남성,5,나 혼자 만렙 뉴비,773797,WAN.Z / 스윙뱃 / 메슬로우
2026-07-24 06:17,전체,1,외모지상주의,641253,박태준
2026-07-24 06:17,전체,2,광마회귀,776601,JP / 이히 / 유진성
2026-07-24 06:17,전체,3,김부장,783053,"박만사, 남자의 이야기 / 정종택"
2026-07-24 06:17,전체,4,나 혼자 만렙 뉴비,773797,WAN.Z / 스윙뱃 / 메슬로우
2026-07-24 06:17,전체,5,상남자,751168,하늘소 / 도가도 / 김태궁
2026-07-24 06:17,여성,1,네가 사는 그 집,842465,석우 / 해바다
2026-07-24 06:17,여성,2,그리디,845919,영하 / 랑라리
2026-07-24 06:17,여성,3,문제적 왕자님,800046,선인장 / 솔체
2026-07-24 06:17,여성,4,여우놀이,768469,황혜진
2026-07-24 06:17,여성,5,소꿉친구 컴플렉스,822640,은하이
2026-07-24 06:17,남성,1,외모지상주의,641253,박태준
2026-07-24 06:17,남성,2,광마회귀,776601,JP / 이히 / 유진성
2026-07-24 06:17,남성,3,나 혼자 만렙 뉴비,773797,WAN.Z / 스윙뱃 / 메슬로우
2026-07-24 06:17,남성,4,상남자,751168,하늘소 / 도가도 / 김태궁
2026-07-24 06:17,남성,5,김부장,783053,"박만사, 남자의 이야기 / 정종택"
2026-07-24 08:06,전체,1,외모지상주의,641253,박태준
2026-07-24 08:06,전체,2,광마회귀,776601,JP / 이히 / 유진성
2026-07-24 08:06,전체,3,나 혼자 만렙 뉴비,773797,WAN.Z / 스윙뱃 / 메슬로우
2026-07-24 08:06,전체,4,나 혼자 탑에서 농사,808389,한치 / 이하경 / sdcknight
2026-07-24 08:06,전체,5,김부장,783053,"박만사, 남자의 이야기 / 정종택"
2026-07-24 08:06,여성,1,여우놀이,768469,황혜진
2026-07-24 08:06,여성,2,그리디,845919,영하 / 랑라리
2026-07-24 08:06,여성,3,연상녀클럽,851476,한성만
2026-07-24 08:06,여성,4,네가 사는 그 집,842465,석우 / 해바다
2026-07-24 08:06,여성,5,"언니, 이번 생엔 내가 왕비야",798917,착견 / 트리플라인 / 레팔진프
2026-07-24 08:06,남성,1,외모지상주의,641253,박태준
2026-07-24 08:06,남성,2,광마회귀,776601,JP / 이히 / 유진성
2026-07-24 08:06,남성,3,나 혼자 만렙 뉴비,773797,WAN.Z / 스윙뱃 / 메슬로우
2026-07-24 08:06,남성,4,아카데미에서 살아남기,820097,기린그린 / 코리타
2026-07-24 08:06,남성,5,상남자,751168,하늘소 / 도가도 / 김태궁
2026-07-24 09:08,전체,1,외모지상주의,641253,박태준
2026-07-24 09:08,전체,2,광마회귀,776601,JP / 이히 / 유진성
2026-07-24 09:08,전체,3,나 혼자 만렙 뉴비,773797,WAN.Z / 스윙뱃 / 메슬로우
2026-07-24 09:08,전체,4,김부장,783053,"박만사, 남자의 이야기 / 정종택"
2026-07-24 09:08,전체,5,악당들의 후원자가 되었다,844063,LICO / 조겐 / 봄한방울
2026-07-24 09:08,여성,1,네가 사는 그 집,842465,석우 / 해바다
2026-07-24 09:08,여성,2,연상녀클럽,851476,한성만
2026-07-24 09:08,여성,3,여우놀이,768469,황혜진
2026-07-24 09:08,여성,4,소꿉친구 컴플렉스,822640,은하이
2026-07-24 09:08,여성,5,그리디,845919,영하 / 랑라리
2026-07-24 09:08,남성,1,외모지상주의,641253,박태준
2026-07-24 09:08,남성,2,광마회귀,776601,JP / 이히 / 유진성
2026-07-24 09:08,남성,3,나 혼자 만렙 뉴비,773797,WAN.Z / 스윙뱃 / 메슬로우
2026-07-24 09:08,남성,4,김부장,783053,"박만사, 남자의 이야기 / 정종택"
2026-07-24 09:08,남성,5,아카데미에서 살아남기,820097,기린그린 / 코리타
2026-07-24 13:23,전체,1,외모지상주의,641253,박태준
2026-07-24 13:23,전체,2,김부장,783053,"박만사, 남자의 이야기 / 정종택"
2026-07-24 13:23,전체,3,광마회귀,776601,JP / 이히 / 유진성
2026-07-24 13:23,전체,4,나 혼자 만렙 뉴비,773797,WAN.Z / 스윙뱃 / 메슬로우
2026-07-24 13:23,전체,5,부활소년,848075,류
2026-07-24 13:23,여성,1,연상녀클럽,851476,한성만
2026-07-24 13:23,여성,2,여우놀이,768469,황혜진
2026-07-24 13:23,여성,3,소꿉친구 컴플렉스,822640,은하이
2026-07-24 13:23,여성,4,네가 사는 그 집,842465,석우 / 해바다
2026-07-24 13:23,여성,5,외모지상주의,641253,박태준
2026-07-24 13:23,남성,1,외모지상주의,641253,박태준
2026-07-24 13:23,남성,2,김부장,783053,"박만사, 남자의 이야기 / 정종택"
2026-07-24 13:23,남성,3,광마회귀,776601,JP / 이히 / 유진성
2026-07-24 13:23,남성,4,나 혼자 만렙 뉴비,773797,WAN.Z / 스윙뱃 / 메슬로우
2026-07-24 13:23,남성,5,부활소년,848075,류
2026-07-24 16:38,전체,1,외모지상주의,641253,박태준
2026-07-24 16:38,전체,2,김부장,783053,"박만사, 남자의 이야기 / 정종택"
2026-07-24 16:38,전체,3,부활소년,848075,류
2026-07-24 16:38,전체,4,광마회귀,776601,JP / 이히 / 유진성
2026-07-24 16:38,전체,5,나 혼자 만렙 뉴비,773797,WAN.Z / 스윙뱃 / 메슬로우
2026-07-24 16:38,여성,1,연상녀클럽,851476,한성만
2026-07-24 16:38,여성,2,여우놀이,768469,황혜진
2026-07-24 16:38,여성,3,김부장,783053,"박만사, 남자의 이야기 / 정종택"
2026-07-24 16:38,여성,4,소꿉친구 컴플렉스,822640,은하이
2026-07-24 16:38,여성,5,외모지상주의,641253,박태준
2026-07-24 16:38,남성,1,외모지상주의,641253,박태준
2026-07-24 16:38,남성,2,김부장,783053,"박만사, 남자의 이야기 / 정종택"
2026-07-24 16:38,남성,3,부활소년,848075,류
2026-07-24 16:38,남성,4,광마회귀,776601,JP / 이히 / 유진성
2026-07-24 16:38,남성,5,나 혼자 만렙 뉴비,773797,WAN.Z / 스윙뱃 / 메슬로우
2026-07-24 19:26,전체,1,외모지상주의,641253,박태준
2026-07-24 19:26,전체,2,김부장,783053,"박만사, 남자의 이야기 / 정종택"
2026-07-24 19:26,전체,3,부활소년,848075,류
2026-07-24 19:26,전체,4,광마회귀,776601,JP / 이히 / 유진성
2026-07-24 19:26,전체,5,나 혼자 만렙 뉴비,773797,WAN.Z / 스윙뱃 / 메슬로우
2026-07-24 19:26,여성,1,연상녀클럽,851476,한성만
2026-07-24 19:26,여성,2,김부장,783053,"박만사, 남자의 이야기 / 정종택"
2026-07-24 19:26,여성,3,여우놀이,768469,황혜진
2026-07-24 19:26,여성,4,세레나,801475,정이나
2026-07-24 19:26,여성,5,소꿉친구 컴플렉스,822640,은하이
2026-07-24 19:26,남성,1,외모지상주의,641253,박태준
2026-07-24 19:26,남성,2,김부장,783053,"박만사, 남자의 이야기 / 정종택"
2026-07-24 19:26,남성,3,부활소년,848075,류
2026-07-24 19:26,남성,4,광마회귀,776601,JP / 이히 / 유진성
2026-07-24 19:26,남성,5,나 혼자 만렙 뉴비,773797,WAN.Z / 스윙뱃 / 메슬로우
2026-07-24 21:24,전체,1,외모지상주의,641253,박태준
2026-07-24 21:24,전체,2,김부장,783053,"박만사, 남자의 이야기 / 정종택"
2026-07-24 21:24,전체,3,광마회귀,776601,JP / 이히 / 유진성
2026-07-24 21:24,전체,4,부활소년,848075,류
2026-07-24 21:24,전체,5,화산귀환,769209,"ARCHE, LICO / 비가"
2026-07-24 21:24,여성,1,연상녀클럽,851476,한성만
2026-07-24 21:24,여성,2,세레나,801475,정이나
2026-07-24 21:24,여성,3,소꿉친구 컴플렉스,822640,은하이
2026-07-24 21:24,여성,4,네가 사는 그 집,842465,석우 / 해바다
2026-07-24 21:24,여성,5,김부장,783053,"박만사, 남자의 이야기 / 정종택"
2026-07-24 21:24,남성,1,외모지상주의,641253,박태준
2026-07-24 21:24,남성,2,김부장,783053,"박만사, 남자의 이야기 / 정종택"
2026-07-24 21:24,남성,3,광마회귀,776601,JP / 이히 / 유진성
2026-07-24 21:24,남성,4,부활소년,848075,류
2026-07-24 21:24,남성,5,나 혼자 만렙 뉴비,773797,WAN.Z / 스윙뱃 / 메슬로우
2026-07-25 00:02,전체,1,세레나,801475,정이나
2026-07-25 00:02,전체,2,킬러 배드로,816798,김정현 / 임리나
2026-07-25 00:02,전체,3,오늘만 사는 기사,824543,가나라 / 이안 / 소울풍
2026-07-25 00:02,전체,4,김부장,783053,"박만사, 남자의 이야기 / 정종택"
2026-07-25 00:02,전체,5,외모지상주의,641253,박태준
2026-07-25 00:02,여성,1,세레나,801475,정이나
2026-07-25 00:02,여성,2,미스 펜들턴,835526,꼬막 / 유혜민
2026-07-25 00:02,여성,3,나를 바꿔줘,733280,이지호 / 호띠
2026-07-25 00:02,여성,4,우리 길드 아이돌,835557,꼬보
2026-07-25 00:02,여성,5,만취남녀,846883,금
2026-07-25 00:02,남성,1,킬러 배드로,816798,김정현 / 임리나
2026-07-25 00:02,남성,2,오늘만 사는 기사,824543,가나라 / 이안 / 소울풍
2026-07-25 00:02,남성,3,마도전생기,807777,포스스튜디오 / codezero
2026-07-25 00:02,남성,4,절대군림,832677,박시대 / 장영훈
2026-07-25 00:02,남성,5,초인의 시대,730694,섭이
2026-07-25 01:51,전체,1,외모지상주의,641253,박태준
2026-07-25 01:51,전체,2,세레나,801475,정이나
2026-07-25 01:51,전체,3,김부장,783053,"박만사, 남자의 이야기 / 정종택"
2026-07-25 01:51,전체,4,킬러 배드로,816798,김정현 / 임리나
2026-07-25 01:51,전체,5,오늘만 사는 기사,824543,가나라 / 이안 / 소울풍
2026-07-25 01:51,여성,1,세레나,801475,정이나
2026-07-25 01:51,여성,2,소꿉친구 컴플렉스,822640,은하이
2026-07-25 01:51,여성,3,외모지상주의,641253,박태준
2026-07-25 01:51,여성,4,그리디,845919,영하 / 랑라리
2026-07-25 01:51,여성,5,나를 바꿔줘,733280,이지호 / 호띠
2026-07-25 01:51,남성,1,킬러 배드로,816798,김정현 / 임리나
2026-07-25 01:51,남성,2,외모지상주의,641253,박태준
2026-07-25 01:51,남성,3,오늘만 사는 기사,824543,가나라 / 이안 / 소울풍
2026-07-25 01:51,남성,4,김부장,783053,"박만사, 남자의 이야기 / 정종택"
2026-07-25 01:51,남성,5,마도전생기,807777,포스스튜디오 / codezero
2026-07-25 03:25,전체,1,외모지상주의,641253,박태준
2026-07-25 03:25,전체,2,김부장,783053,"박만사, 남자의 이야기 / 정종택"
2026-07-25 03:25,전체,3,세레나,801475,정이나
2026-07-25 03:25,전체,4,킬러 배드로,816798,김정현 / 임리나
2026-07-25 03:25,전체,5,오늘만 사는 기사,824543,가나라 / 이안 / 소울풍
2026-07-25 03:25,여성,1,세레나,801475,정이나
2026-07-25 03:25,여성,2,소꿉친구 컴플렉스,822640,은하이
2026-07-25 03:25,여성,3,시든 꽃에 눈물을,827190,개
2026-07-25 03:25,여성,4,백작가의 비밀스런 시녀님,830106,MIDNIGHT STUDIO / 백주아
2026-07-25 03:25,여성,5,만취남녀,846883,금
2026-07-25 03:25,남성,1,외모지상주의,641253,박태준
2026-07-25 03:25,남성,2,김부장,783053,"박만사, 남자의 이야기 / 정종택"
2026-07-25 03:25,남성,3,오늘만 사는 기사,824543,가나라 / 이안 / 소울풍
2026-07-25 03:25,남성,4,부활소년,848075,류
2026-07-25 03:25,남성,5,킬러 배드로,816798,김정현 / 임리나
2026-07-25 05:36,전체,1,김부장,783053,"박만사, 남자의 이야기 / 정종택"
2026-07-25 05:36,전체,2,마도전생기,807777,포스스튜디오 / codezero
2026-07-25 05:36,전체,3,짜장 한 그릇에 제갈세가 데릴사위,822114,홍민석 / 에르훗
2026-07-25 05:36,전체,4,오늘만 사는 기사,824543,가나라 / 이안 / 소울풍
2026-07-25 05:36,전체,5,절대군림,832677,박시대 / 장영훈
2026-07-25 05:36,여성,1,세레나,801475,정이나
2026-07-25 05:36,여성,2,소꿉친구 컴플렉스,822640,은하이
2026-07-25 05:36,여성,3,미스 펜들턴,835526,꼬막 / 유혜민
2026-07-25 05:36,여성,4,시든 꽃에 눈물을,827190,개
2026-07-25 05:36,여성,5,미친 짓인 줄 알면서도,824200,채밀 / 서순배 / 윤쏨
2026-07-25 05:36,남성,1,오늘만 사는 기사,824543,가나라 / 이안 / 소울풍
2026-07-25 05:36,남성,2,마도전생기,807777,포스스튜디오 / codezero
2026-07-25 05:36,남성,3,김부장,783053,"박만사, 남자의 이야기 / 정종택"
2026-07-25 05:36,남성,4,짜장 한 그릇에 제갈세가 데릴사위,822114,홍민석 / 에르훗
2026-07-25 05:36,남성,5,절대군림,832677,박시대 / 장영훈
2026-07-25 07:14,전체,1,마도전생기,807777,포스스튜디오 / codezero
2026-07-25 07:14,전체,2,김부장,783053,"박만사, 남자의 이야기 / 정종택"
2026-07-25 07:14,전체,3,세레나,801475,정이나
2026-07-25 07:14,전체,4,절대군림,832677,박시대 / 장영훈
2026-07-25 07:14,전체,5,킬러 배드로,816798,김정현 / 임리나
2026-07-25 07:14,여성,1,세레나,801475,정이나
2026-07-25 07:14,여성,2,미스 펜들턴,835526,꼬막 / 유혜민
2026-07-25 07:14,여성,3,소꿉친구 컴플렉스,822640,은하이
2026-07-25 07:14,여성,4,만취남녀,846883,금
2026-07-25 07:14,여성,5,미친 짓인 줄 알면서도,824200,채밀 / 서순배 / 윤쏨
2026-07-25 07:14,남성,1,마도전생기,807777,포스스튜디오 / codezero
2026-07-25 07:14,남성,2,절대군림,832677,박시대 / 장영훈
2026-07-25 07:14,남성,3,오늘만 사는 기사,824543,가나라 / 이안 / 소울풍
2026-07-25 07:14,남성,4,김부장,783053,"박만사, 남자의 이야기 / 정종택"
2026-07-25 07:14,남성,5,킬러 배드로,816798,김정현 / 임리나
2026-07-25 09:12,전체,1,김부장,783053,"박만사, 남자의 이야기 / 정종택"
2026-07-25 09:12,전체,2,킬러 배드로,816798,김정현 / 임리나
2026-07-25 09:12,전체,3,세레나,801475,정이나
2026-07-25 09:12,전체,4,마도전생기,807777,포스스튜디오 / codezero
2026-07-25 09:12,전체,5,오늘만 사는 기사,824543,가나라 / 이안 / 소울풍
2026-07-25 09:12,여성,1,세레나,801475,정이나
2026-07-25 09:12,여성,2,소꿉친구 컴플렉스,822640,은하이
2026-07-25 09:12,여성,3,미스 펜들턴,835526,꼬막 / 유혜민
2026-07-25 09:12,여성,4,그리디,845919,영하 / 랑라리
2026-07-25 09:12,여성,5,우리 길드 아이돌,835557,꼬보
2026-07-25 09:12,남성,1,김부장,783053,"박만사, 남자의 이야기 / 정종택"
2026-07-25 09:12,남성,2,마도전생기,807777,포스스튜디오 / codezero
2026-07-25 09:12,남성,3,킬러 배드로,816798,김정현 / 임리나
2026-07-25 09:12,남성,4,오늘만 사는 기사,824543,가나라 / 이안 / 소울풍
2026-07-25 09:12,남성,5,절대군림,832677,박시대 / 장영훈
2026-07-25 13:19,전체,1,부활소년,848075,류
2026-07-25 13:19,전체,2,김부장,783053,"박만사, 남자의 이야기 / 정종택"
2026-07-25 13:19,전체,3,외모지상주의,641253,박태준
2026-07-25 13:19,전체,4,오늘만 사는 기사,824543,가나라 / 이안 / 소울풍
2026-07-25 13:19,전체,5,킬러 배드로,816798,김정현 / 임리나
2026-07-25 13:19,여성,1,세레나,801475,정이나
2026-07-25 13:19,여성,2,시루/24/1km,850068,6M / 941
2026-07-25 13:19,여성,3,소꿉친구 컴플렉스,822640,은하이
2026-07-25 13:19,여성,4,김부장,783053,"박만사, 남자의 이야기 / 정종택"
2026-07-25 13:19,여성,5,외모지상주의,641253,박태준
2026-07-25 13:19,남성,1,부활소년,848075,류
2026-07-25 13:19,남성,2,김부장,783053,"박만사, 남자의 이야기 / 정종택"
2026-07-25 13:19,남성,3,외모지상주의,641253,박태준
2026-07-25 13:19,남성,4,오늘만 사는 기사,824543,가나라 / 이안 / 소울풍
2026-07-25 13:19,남성,5,짜장 한 그릇에 제갈세가 데릴사위,822114,홍민석 / 에르훗
2026-07-25 16:24,전체,1,부활소년,848075,류
2026-07-25 16:24,전체,2,김부장,783053,"박만사, 남자의 이야기 / 정종택"
2026-07-25 16:24,전체,3,외모지상주의,641253,박태준
2026-07-25 16:24,전체,4,오늘만 사는 기사,824543,가나라 / 이안 / 소울풍
2026-07-25 16:24,전체,5,짜장 한 그릇에 제갈세가 데릴사위,822114,홍민석 / 에르훗
2026-07-25 16:24,여성,1,세레나,801475,정이나
2026-07-25 16:24,여성,2,시루/24/1km,850068,6M / 941
2026-07-25 16:24,여성,3,김부장,783053,"박만사, 남자의 이야기 / 정종택"
2026-07-25 16:24,여성,4,외모지상주의,641253,박태준
2026-07-25 16:24,여성,5,소꿉친구 컴플렉스,822640,은하이
2026-07-25 16:24,남성,1,부활소년,848075,류
2026-07-25 16:24,남성,2,김부장,783053,"박만사, 남자의 이야기 / 정종택"
2026-07-25 16:24,남성,3,외모지상주의,641253,박태준
2026-07-25 16:24,남성,4,오늘만 사는 기사,824543,가나라 / 이안 / 소울풍
2026-07-25 16:24,남성,5,짜장 한 그릇에 제갈세가 데릴사위,822114,홍민석 / 에르훗
2026-07-25 18:57,전체,1,부활소년,848075,류
2026-07-25 18:57,전체,2,김부장,783053,"박만사, 남자의 이야기 / 정종택"
2026-07-25 18:57,전체,3,외모지상주의,641253,박태준
2026-07-25 18:57,전체,4,오늘만 사는 기사,824543,가나라 / 이안 / 소울풍
2026-07-25 18:57,전체,5,짜장 한 그릇에 제갈세가 데릴사위,822114,홍민석 / 에르훗
2026-07-25 18:57,여성,1,세레나,801475,정이나
2026-07-25 18:57,여성,2,김부장,783053,"박만사, 남자의 이야기 / 정종택"
2026-07-25 18:57,여성,3,소꿉친구 컴플렉스,822640,은하이
2026-07-25 18:57,여성,4,외모지상주의,641253,박태준
2026-07-25 18:57,여성,5,육아일기,812354,자까
2026-07-25 18:57,남성,1,부활소년,848075,류
2026-07-25 18:57,남성,2,김부장,783053,"박만사, 남자의 이야기 / 정종택"
2026-07-25 18:57,남성,3,외모지상주의,641253,박태준
2026-07-25 18:57,남성,4,오늘만 사는 기사,824543,가나라 / 이안 / 소울풍
2026-07-25 18:57,남성,5,짜장 한 그릇에 제갈세가 데릴사위,822114,홍민석 / 에르훗
2026-07-25 20:20,전체,1,부활소년,848075,류
2026-07-25 20:20,전체,2,김부장,783053,"박만사, 남자의 이야기 / 정종택"
2026-07-25 20:20,전체,3,외모지상주의,641253,박태준
2026-07-25 20:20,전체,4,오늘만 사는 기사,824543,가나라 / 이안 / 소울풍
2026-07-25 20:20,전체,5,짜장 한 그릇에 제갈세가 데릴사위,822114,홍민석 / 에르훗
2026-07-25 20:20,여성,1,세레나,801475,정이나
2026-07-25 20:20,여성,2,외모지상주의,641253,박태준
2026-07-25 20:20,여성,3,김부장,783053,"박만사, 남자의 이야기 / 정종택"
2026-07-25 20:20,여성,4,소꿉친구 컴플렉스,822640,은하이
2026-07-25 20:20,여성,5,쪽팔려게임,847135,봉수 / 다이
2026-07-25 20:20,남성,1,부활소년,848075,류
2026-07-25 20:20,남성,2,김부장,783053,"박만사, 남자의 이야기 / 정종택"
2026-07-25 20:20,남성,3,외모지상주의,641253,박태준
2026-07-25 20:20,남성,4,오늘만 사는 기사,824543,가나라 / 이안 / 소울풍
2026-07-25 20:20,남성,5,짜장 한 그릇에 제갈세가 데릴사위,822114,홍민석 / 에르훗
2026-07-25 22:55,전체,1,김부장,783053,"박만사, 남자의 이야기 / 정종택"
2026-07-25 22:55,전체,2,외모지상주의,641253,박태준
2026-07-25 22:55,전체,3,부활소년,848075,류
2026-07-25 22:55,전체,4,세레나,801475,정이나
2026-07-25 22:55,전체,5,오늘만 사는 기사,824543,가나라 / 이안 / 소울풍
2026-07-25 22:55,여성,1,세레나,801475,정이나
2026-07-25 22:55,여성,2,김부장,783053,"박만사, 남자의 이야기 / 정종택"
2026-07-25 22:55,여성,3,럭키비치,852498,"MAJOR, 약수 / 약수"
2026-07-25 22:55,여성,4,소꿉친구 컴플렉스,822640,은하이
2026-07-25 22:55,여성,5,외모지상주의,641253,박태준
2026-07-25 22:55,남성,1,김부장,783053,"박만사, 남자의 이야기 / 정종택"
2026-07-25 22:55,남성,2,부활소년,848075,류
2026-07-25 22:55,남성,3,외모지상주의,641253,박태준
2026-07-25 22:55,남성,4,축구천재로 오해받는 중입니다,835119,이보테 / 한명현
2026-07-25 22:55,남성,5,오늘만 사는 기사,824543,가나라 / 이안 / 소울풍
2026-07-26 00:13,전체,1,김부장,783053,"박만사, 남자의 이야기 / 정종택"
2026-07-26 00:13,전체,2,부활소년,848075,류
2026-07-26 00:13,전체,3,육아일기,812354,자까
2026-07-26 00:13,전체,4,시루/24/1km,850068,6M / 941
2026-07-26 00:13,전체,5,태존비록,840687,김꿀빨 / 레드훅 / 비가
2026-07-26 00:13,여성,1,육아일기,812354,자까
2026-07-26 00:13,여성,2,시루/24/1km,850068,6M / 941
2026-07-26 00:13,여성,3,해시태그는 첫사랑,844730,KAN
2026-07-26 00:13,여성,4,세레나,801475,정이나
2026-07-26 00:13,여성,5,어린 아내와 나쁜 짓,851385,"무멘, MUTE / 83 / 이리와"
2026-07-26 00:13,남성,1,부활소년,848075,류
2026-07-26 00:13,남성,2,김부장,783053,"박만사, 남자의 이야기 / 정종택"
2026-07-26 00:13,남성,3,태존비록,840687,김꿀빨 / 레드훅 / 비가
2026-07-26 00:13,남성,4,모든걸 기억하는 천재무사,849611,Omin / 모기향 / 적설목
2026-07-26 00:13,남성,5,권왕환생,839568,최진형 / 도나스 / 유진성
2026-07-26 02:10,전체,1,김부장,783053,"박만사, 남자의 이야기 / 정종택"
2026-07-26 02:10,전체,2,부활소년,848075,류
2026-07-26 02:10,전체,3,외모지상주의,641253,박태준
2026-07-26 02:10,전체,4,시루/24/1km,850068,6M / 941
2026-07-26 02:10,전체,5,태존비록,840687,김꿀빨 / 레드훅 / 비가
2026-07-26 02:10,여성,1,시루/24/1km,850068,6M / 941
2026-07-26 02:10,여성,2,세레나,801475,정이나
2026-07-26 02:10,여성,3,육아일기,812354,자까
2026-07-26 02:10,여성,4,해시태그는 첫사랑,844730,KAN
2026-07-26 02:10,여성,5,어린 아내와 나쁜 짓,851385,"무멘, MUTE / 83 / 이리와"
2026-07-26 02:10,남성,1,부활소년,848075,류
2026-07-26 02:10,남성,2,김부장,783053,"박만사, 남자의 이야기 / 정종택"
2026-07-26 02:10,남성,3,외모지상주의,641253,박태준
2026-07-26 02:10,남성,4,태존비록,840687,김꿀빨 / 레드훅 / 비가
2026-07-26 02:10,남성,5,모든걸 기억하는 천재무사,849611,Omin / 모기향 / 적설목
2026-07-26 04:21,전체,1,부활소년,848075,류
2026-07-26 04:21,전체,2,김부장,783053,"박만사, 남자의 이야기 / 정종택"
2026-07-26 04:21,전체,3,외모지상주의,641253,박태준
2026-07-26 04:21,전체,4,태존비록,840687,김꿀빨 / 레드훅 / 비가
2026-07-26 04:21,전체,5,화산귀환,769209,"ARCHE, LICO / 비가"
2026-07-26 04:21,여성,1,세레나,801475,정이나
2026-07-26 04:21,여성,2,시루/24/1km,850068,6M / 941
2026-07-26 04:21,여성,3,육아일기,812354,자까
2026-07-26 04:21,여성,4,해시태그는 첫사랑,844730,KAN
2026-07-26 04:21,여성,5,어린 아내와 나쁜 짓,851385,"무멘, MUTE / 83 / 이리와"
2026-07-26 04:21,남성,1,부활소년,848075,류
2026-07-26 04:21,남성,2,김부장,783053,"박만사, 남자의 이야기 / 정종택"
2026-07-26 04:21,남성,3,외모지상주의,641253,박태준
2026-07-26 04:21,남성,4,태존비록,840687,김꿀빨 / 레드훅 / 비가
2026-07-26 04:21,남성,5,권왕환생,839568,최진형 / 도나스 / 유진성
2026-07-26 06:03,전체,1,부활소년,848075,류
2026-07-26 06:03,전체,2,김부장,783053,"박만사, 남자의 이야기 / 정종택"
2026-07-26 06:03,전체,3,외모지상주의,641253,박태준
2026-07-26 06:03,전체,4,태존비록,840687,김꿀빨 / 레드훅 / 비가
2026-07-26 06:03,전체,5,권왕환생,839568,최진형 / 도나스 / 유진성
2026-07-26 06:03,여성,1,어린 아내와 나쁜 짓,851385,"무멘, MUTE / 83 / 이리와"
2026-07-26 06:03,여성,2,육아일기,812354,자까
2026-07-26 06:03,여성,3,시루/24/1km,850068,6M / 941
2026-07-26 06:03,여성,4,해시태그는 첫사랑,844730,KAN
2026-07-26 06:03,여성,5,세레나,801475,정이나
2026-07-26 06:03,남성,1,부활소년,848075,류
2026-07-26 06:03,남성,2,김부장,783053,"박만사, 남자의 이야기 / 정종택"
2026-07-26 06:03,남성,3,태존비록,840687,김꿀빨 / 레드훅 / 비가
2026-07-26 06:03,남성,4,권왕환생,839568,최진형 / 도나스 / 유진성
2026-07-26 06:03,남성,5,모든걸 기억하는 천재무사,849611,Omin / 모기향 / 적설목
2026-07-26 07:04,전체,1,부활소년,848075,류
2026-07-26 07:04,전체,2,김부장,783053,"박만사, 남자의 이야기 / 정종택"
2026-07-26 07:04,전체,3,태존비록,840687,김꿀빨 / 레드훅 / 비가
2026-07-26 07:04,전체,4,권왕환생,839568,최진형 / 도나스 / 유진성
2026-07-26 07:04,전체,5,모든걸 기억하는 천재무사,849611,Omin / 모기향 / 적설목
2026-07-26 07:04,여성,1,어린 아내와 나쁜 짓,851385,"무멘, MUTE / 83 / 이리와"
2026-07-26 07:04,여성,2,육아일기,812354,자까
2026-07-26 07:04,여성,3,시루/24/1km,850068,6M / 941
2026-07-26 07:04,여성,4,세레나,801475,정이나
2026-07-26 07:04,여성,5,해시태그는 첫사랑,844730,KAN
2026-07-26 07:04,남성,1,부활소년,848075,류
2026-07-26 07:04,남성,2,김부장,783053,"박만사, 남자의 이야기 / 정종택"
2026-07-26 07:04,남성,3,태존비록,840687,김꿀빨 / 레드훅 / 비가
2026-07-26 07:04,남성,4,권왕환생,839568,최진형 / 도나스 / 유진성
2026-07-26 07:04,남성,5,모든걸 기억하는 천재무사,849611,Omin / 모기향 / 적설목
2026-07-26 08:06,전체,1,김부장,783053,"박만사, 남자의 이야기 / 정종택"
2026-07-26 08:06,전체,2,부활소년,848075,류
2026-07-26 08:06,전체,3,태존비록,840687,김꿀빨 / 레드훅 / 비가
2026-07-26 08:06,전체,4,모든걸 기억하는 천재무사,849611,Omin / 모기향 / 적설목
2026-07-26 08:06,전체,5,권왕환생,839568,최진형 / 도나스 / 유진성
2026-07-26 08:06,여성,1,어린 아내와 나쁜 짓,851385,"무멘, MUTE / 83 / 이리와"
2026-07-26 08:06,여성,2,육아일기,812354,자까
2026-07-26 08:06,여성,3,해시태그는 첫사랑,844730,KAN
2026-07-26 08:06,여성,4,세레나,801475,정이나
2026-07-26 08:06,여성,5,시루/24/1km,850068,6M / 941
2026-07-26 08:06,남성,1,부활소년,848075,류
2026-07-26 08:06,남성,2,김부장,783053,"박만사, 남자의 이야기 / 정종택"
2026-07-26 08:06,남성,3,태존비록,840687,김꿀빨 / 레드훅 / 비가
2026-07-26 08:06,남성,4,권왕환생,839568,최진형 / 도나스 / 유진성
2026-07-26 08:06,남성,5,모든걸 기억하는 천재무사,849611,Omin / 모기향 / 적설목
2026-07-26 09:10,전체,1,김부장,783053,"박만사, 남자의 이야기 / 정종택"
2026-07-26 09:10,전체,2,부활소년,848075,류
2026-07-26 09:10,전체,3,외모지상주의,641253,박태준
2026-07-26 09:10,전체,4,태존비록,840687,김꿀빨 / 레드훅 / 비가
2026-07-26 09:10,전체,5,모든걸 기억하는 천재무사,849611,Omin / 모기향 / 적설목
2026-07-26 09:10,여성,1,육아일기,812354,자까
2026-07-26 09:10,여성,2,해시태그는 첫사랑,844730,KAN
2026-07-26 09:10,여성,3,어린 아내와 나쁜 짓,851385,"무멘, MUTE / 83 / 이리와"
2026-07-26 09:10,여성,4,세레나,801475,정이나
2026-07-26 09:10,여성,5,시루/24/1km,850068,6M / 941
2026-07-26 09:10,남성,1,부활소년,848075,류
2026-07-26 09:10,남성,2,김부장,783053,"박만사, 남자의 이야기 / 정종택"
2026-07-26 09:10,남성,3,태존비록,840687,김꿀빨 / 레드훅 / 비가
2026-07-26 09:10,남성,4,모든걸 기억하는 천재무사,849611,Omin / 모기향 / 적설목
2026-07-26 09:10,남성,5,권왕환생,839568,최진형 / 도나스 / 유진성
2026-07-26 13:34,전체,1,김부장,783053,"박만사, 남자의 이야기 / 정종택"
2026-07-26 13:34,전체,2,부활소년,848075,류
2026-07-26 13:34,전체,3,외모지상주의,641253,박태준
2026-07-26 13:34,전체,4,화산귀환,769209,"ARCHE, LICO / 비가"
2026-07-26 13:34,전체,5,권왕환생,839568,최진형 / 도나스 / 유진성
2026-07-26 13:34,여성,1,세레나,801475,정이나
2026-07-26 13:34,여성,2,육아일기,812354,자까
2026-07-26 13:34,여성,3,시루/24/1km,850068,6M / 941
2026-07-26 13:34,여성,4,김부장,783053,"박만사, 남자의 이야기 / 정종택"
2026-07-26 13:34,여성,5,해시태그는 첫사랑,844730,KAN
2026-07-26 13:34,남성,1,부활소년,848075,류
2026-07-26 13:34,남성,2,김부장,783053,"박만사, 남자의 이야기 / 정종택"
2026-07-26 13:34,남성,3,외모지상주의,641253,박태준
2026-07-26 13:34,남성,4,권왕환생,839568,최진형 / 도나스 / 유진성
2026-07-26 13:34,남성,5,태존비록,840687,김꿀빨 / 레드훅 / 비가
2026-07-26 16:42,전체,1,김부장,783053,"박만사, 남자의 이야기 / 정종택"
2026-07-26 16:42,전체,2,부활소년,848075,류
2026-07-26 16:42,전체,3,외모지상주의,641253,박태준
2026-07-26 16:42,전체,4,화산귀환,769209,"ARCHE, LICO / 비가"
2026-07-26 16:42,전체,5,나노마신,747271,현절무 / 금강불괴 / 한중월야
2026-07-26 16:42,여성,1,김부장,783053,"박만사, 남자의 이야기 / 정종택"
2026-07-26 16:42,여성,2,세레나,801475,정이나
2026-07-26 16:42,여성,3,시루/24/1km,850068,6M / 941
2026-07-26 16:42,여성,4,육아일기,812354,자까
2026-07-26 16:42,여성,5,연상녀클럽,851476,한성만
2026-07-26 16:42,남성,1,부활소년,848075,류
2026-07-26 16:42,남성,2,김부장,783053,"박만사, 남자의 이야기 / 정종택"
2026-07-26 16:42,남성,3,외모지상주의,641253,박태준
2026-07-26 16:42,남성,4,화산귀환,769209,"ARCHE, LICO / 비가"
2026-07-26 16:42,남성,5,권왕환생,839568,최진형 / 도나스 / 유진성
2026-07-26 19:08,전체,1,김부장,783053,"박만사, 남자의 이야기 / 정종택"
2026-07-26 19:08,전체,2,부활소년,848075,류
2026-07-26 19:08,전체,3,외모지상주의,641253,박태준
2026-07-26 19:08,전체,4,화산귀환,769209,"ARCHE, LICO / 비가"
2026-07-26 19:08,전체,5,프롤로그에서 30년이 흘렀다,852765,기린그린 / 맠엘라하
2026-07-26 19:08,여성,1,세레나,801475,정이나
2026-07-26 19:08,여성,2,김부장,783053,"박만사, 남자의 이야기 / 정종택"
2026-07-26 19:08,여성,3,육아일기,812354,자까
2026-07-26 19:08,여성,4,시루/24/1km,850068,6M / 941
2026-07-26 19:08,여성,5,외모지상주의,641253,박태준
2026-07-26 19:08,남성,1,김부장,783053,"박만사, 남자의 이야기 / 정종택"
2026-07-26 19:08,남성,2,부활소년,848075,류
2026-07-26 19:08,남성,3,외모지상주의,641253,박태준
2026-07-26 19:08,남성,4,프롤로그에서 30년이 흘렀다,852765,기린그린 / 맠엘라하
2026-07-26 19:08,남성,5,화산귀환,769209,"ARCHE, LICO / 비가"
2026-07-26 21:11,전체,1,김부장,783053,"박만사, 남자의 이야기 / 정종택"
2026-07-26 21:11,전체,2,부활소년,848075,류
2026-07-26 21:11,전체,3,외모지상주의,641253,박태준
2026-07-26 21:11,전체,4,화산귀환,769209,"ARCHE, LICO / 비가"
2026-07-26 21:11,전체,5,솔플의 제왕,837506,봄 버스터즈 / 은화26 / 디다트
2026-07-26 21:11,여성,1,세레나,801475,정이나
2026-07-26 21:11,여성,2,김부장,783053,"박만사, 남자의 이야기 / 정종택"
2026-07-26 21:11,여성,3,시루/24/1km,850068,6M / 941
2026-07-26 21:11,여성,4,육아일기,812354,자까
2026-07-26 21:11,여성,5,연상녀클럽,851476,한성만
2026-07-26 21:11,남성,1,김부장,783053,"박만사, 남자의 이야기 / 정종택"
2026-07-26 21:11,남성,2,부활소년,848075,류
2026-07-26 21:11,남성,3,외모지상주의,641253,박태준
2026-07-26 21:11,남성,4,솔플의 제왕,837506,봄 버스터즈 / 은화26 / 디다트
2026-07-26 21:11,남성,5,화산귀환,769209,"ARCHE, LICO / 비가"
2026-07-26 23:42,전체,1,샤MONEY즘,840014,나락 / 영기
2026-07-26 23:42,전체,2,김부장,783053,"박만사, 남자의 이야기 / 정종택"
2026-07-26 23:42,전체,3,참교육,758037,채용택 / 한가람
2026-07-26 23:42,전체,4,절대검감,796075,김두루미 / 티아이 / 한중월야
2026-07-26 23:42,전체,5,신체,844058,엄세윤 / 정썸머
2026-07-26 23:42,여성,1,소녀의 세계,654774,모랑지
2026-07-26 23:42,여성,2,똑 닮은 딸,774866,이담
2026-07-26 23:42,여성,3,다정한 침입자,840839,이니 / 정유한
2026-07-26 23:42,여성,4,빌런의 순정,845531,수민 / 로즈빈
2026-07-26 23:42,여성,5,세레나,801475,정이나
2026-07-26 23:42,남성,1,샤MONEY즘,840014,나락 / 영기
2026-07-26 23:42,남성,2,김부장,783053,"박만사, 남자의 이야기 / 정종택"
2026-07-26 23:42,남성,3,절대검감,796075,김두루미 / 티아이 / 한중월야
2026-07-26 23:42,남성,4,참교육,758037,채용택 / 한가람
2026-07-26 23:42,남성,5,시한부 천재가 살아남는 법,832703,JP / 윤승기 / 청시소
2026-07-27 01:10,전체,1,김부장,783053,"박만사, 남자의 이야기 / 정종택"
2026-07-27 01:10,전체,2,샤MONEY즘,840014,나락 / 영기
2026-07-27 01:10,전체,3,참교육,758037,채용택 / 한가람
2026-07-27 01:10,전체,4,외모지상주의,641253,박태준
2026-07-27 01:10,전체,5,신체,844058,엄세윤 / 정썸머
2026-07-27 01:10,여성,1,똑 닮은 딸,774866,이담
2026-07-27 01:10,여성,2,소녀의 세계,654774,모랑지
2026-07-27 01:10,여성,3,다정한 침입자,840839,이니 / 정유한
2026-07-27 01:10,여성,4,세레나,801475,정이나
2026-07-27 01:10,여성,5,김부장,783053,"박만사, 남자의 이야기 / 정종택"
2026-07-27 01:10,남성,1,김부장,783053,"박만사, 남자의 이야기 / 정종택"
2026-07-27 01:10,남성,2,샤MONEY즘,840014,나락 / 영기
2026-07-27 01:10,남성,3,참교육,758037,채용택 / 한가람
2026-07-27 01:10,남성,4,절대검감,796075,김두루미 / 티아이 / 한중월야
2026-07-27 01:10,남성,5,시한부 천재가 살아남는 법,832703,JP / 윤승기 / 청시소
2026-07-27 03:08,전체,1,김부장,783053,"박만사, 남자의 이야기 / 정종택"
2026-07-27 03:08,전체,2,외모지상주의,641253,박태준
2026-07-27 03:08,전체,3,샤MONEY즘,840014,나락 / 영기
2026-07-27 03:08,전체,4,참교육,758037,채용택 / 한가람
2026-07-27 03:08,전체,5,신체,844058,엄세윤 / 정썸머
2026-07-27 03:08,여성,1,똑 닮은 딸,774866,이담
2026-07-27 03:08,여성,2,세레나,801475,정이나
2026-07-27 03:08,여성,3,소녀의 세계,654774,모랑지
2026-07-27 03:08,여성,4,김부장,783053,"박만사, 남자의 이야기 / 정종택"
2026-07-27 03:08,여성,5,다정한 침입자,840839,이니 / 정유한
2026-07-27 03:08,남성,1,김부장,783053,"박만사, 남자의 이야기 / 정종택"
2026-07-27 03:08,남성,2,샤MONEY즘,840014,나락 / 영기
2026-07-27 03:08,남성,3,외모지상주의,641253,박태준
2026-07-27 03:08,남성,4,참교육,758037,채용택 / 한가람
2026-07-27 03:08,남성,5,절대검감,796075,김두루미 / 티아이 / 한중월야
2026-07-27 05:15,전체,1,김부장,783053,"박만사, 남자의 이야기 / 정종택"
2026-07-27 05:15,전체,2,샤MONEY즘,840014,나락 / 영기
2026-07-27 05:15,전체,3,외모지상주의,641253,박태준
2026-07-27 05:15,전체,4,참교육,758037,채용택 / 한가람
2026-07-27 05:15,전체,5,시한부 천재가 살아남는 법,832703,JP / 윤승기 / 청시소
2026-07-27 05:15,여성,1,똑 닮은 딸,774866,이담
2026-07-27 05:15,여성,2,소녀의 세계,654774,모랑지
2026-07-27 05:15,여성,3,세레나,801475,정이나
2026-07-27 05:15,여성,4,다정한 침입자,840839,이니 / 정유한
2026-07-27 05:15,여성,5,김부장,783053,"박만사, 남자의 이야기 / 정종택"
2026-07-27 05:15,남성,1,김부장,783053,"박만사, 남자의 이야기 / 정종택"
2026-07-27 05:15,남성,2,샤MONEY즘,840014,나락 / 영기
2026-07-27 05:15,남성,3,외모지상주의,641253,박태준
2026-07-27 05:15,남성,4,시한부 천재가 살아남는 법,832703,JP / 윤승기 / 청시소
2026-07-27 05:15,남성,5,참교육,758037,채용택 / 한가람
2026-07-27 07:07,전체,1,샤MONEY즘,840014,나락 / 영기
2026-07-27 07:07,전체,2,참교육,758037,채용택 / 한가람
2026-07-27 07:07,전체,3,김부장,783053,"박만사, 남자의 이야기 / 정종택"
2026-07-27 07:07,전체,4,절대검감,796075,김두루미 / 티아이 / 한중월야
2026-07-27 07:07,전체,5,시한부 천재가 살아남는 법,832703,JP / 윤승기 / 청시소
2026-07-27 07:07,여성,1,소녀의 세계,654774,모랑지
2026-07-27 07:07,여성,2,다정한 침입자,840839,이니 / 정유한
2026-07-27 07:07,여성,3,똑 닮은 딸,774866,이담
2026-07-27 07:07,여성,4,빌런의 순정,845531,수민 / 로즈빈
2026-07-27 07:07,여성,5,세레나,801475,정이나
2026-07-27 07:07,남성,1,샤MONEY즘,840014,나락 / 영기
2026-07-27 07:07,남성,2,참교육,758037,채용택 / 한가람
2026-07-27 07:07,남성,3,절대검감,796075,김두루미 / 티아이 / 한중월야
2026-07-27 07:07,남성,4,시한부 천재가 살아남는 법,832703,JP / 윤승기 / 청시소
2026-07-27 07:07,남성,5,김부장,783053,"박만사, 남자의 이야기 / 정종택"
2026-07-27 09:08,전체,1,샤MONEY즘,840014,나락 / 영기
2026-07-27 09:08,전체,2,김부장,783053,"박만사, 남자의 이야기 / 정종택"
2026-07-27 09:08,전체,3,참교육,758037,채용택 / 한가람
2026-07-27 09:08,전체,4,절대검감,796075,김두루미 / 티아이 / 한중월야
2026-07-27 09:08,전체,5,시한부 천재가 살아남는 법,832703,JP / 윤승기 / 청시소
2026-07-27 09:08,여성,1,소녀의 세계,654774,모랑지
2026-07-27 09:08,여성,2,똑 닮은 딸,774866,이담
2026-07-27 09:08,여성,3,다정한 침입자,840839,이니 / 정유한
2026-07-27 09:08,여성,4,세레나,801475,정이나
2026-07-27 09:08,여성,5,참교육,758037,채용택 / 한가람
2026-07-27 09:08,남성,1,샤MONEY즘,840014,나락 / 영기
2026-07-27 09:08,남성,2,김부장,783053,"박만사, 남자의 이야기 / 정종택"
2026-07-27 09:08,남성,3,참교육,758037,채용택 / 한가람
2026-07-27 09:08,남성,4,절대검감,796075,김두루미 / 티아이 / 한중월야
2026-07-27 09:08,남성,5,시한부 천재가 살아남는 법,832703,JP / 윤승기 / 청시소
2026-07-27 13:46,전체,1,김부장,783053,"박만사, 남자의 이야기 / 정종택"
2026-07-27 13:46,전체,2,외모지상주의,641253,박태준
2026-07-27 13:46,전체,3,참교육,758037,채용택 / 한가람
2026-07-27 13:46,전체,4,샤MONEY즘,840014,나락 / 영기
2026-07-27 13:46,전체,5,시한부 천재가 살아남는 법,832703,JP / 윤승기 / 청시소
2026-07-27 13:46,여성,1,똑 닮은 딸,774866,이담
2026-07-27 13:46,여성,2,세레나,801475,정이나
2026-07-27 13:46,여성,3,김부장,783053,"박만사, 남자의 이야기 / 정종택"
2026-07-27 13:46,여성,4,소녀의 세계,654774,모랑지
2026-07-27 13:46,여성,5,외모지상주의,641253,박태준
2026-07-27 13:46,남성,1,김부장,783053,"박만사, 남자의 이야기 / 정종택"
2026-07-27 13:46,남성,2,외모지상주의,641253,박태준
2026-07-27 13:46,남성,3,참교육,758037,채용택 / 한가람
2026-07-27 13:46,남성,4,샤MONEY즘,840014,나락 / 영기
2026-07-27 13:46,남성,5,시한부 천재가 살아남는 법,832703,JP / 윤승기 / 청시소
2026-07-27 17:40,전체,1,김부장,783053,"박만사, 남자의 이야기 / 정종택"
2026-07-27 17:40,전체,2,외모지상주의,641253,박태준
2026-07-27 17:40,전체,3,참교육,758037,채용택 / 한가람
2026-07-27 17:40,전체,4,샤MONEY즘,840014,나락 / 영기
2026-07-27 17:40,전체,5,화산귀환,769209,"ARCHE, LICO / 비가"
2026-07-27 17:40,여성,1,김부장,783053,"박만사, 남자의 이야기 / 정종택"
2026-07-27 17:40,여성,2,세레나,801475,정이나
2026-07-27 17:40,여성,3,똑 닮은 딸,774866,이담
2026-07-27 17:40,여성,4,소녀의 세계,654774,모랑지
2026-07-27 17:40,여성,5,참교육,758037,채용택 / 한가람
2026-07-27 17:40,남성,1,김부장,783053,"박만사, 남자의 이야기 / 정종택"
2026-07-27 17:40,남성,2,외모지상주의,641253,박태준
2026-07-27 17:40,남성,3,참교육,758037,채용택 / 한가람
2026-07-27 17:40,남성,4,샤MONEY즘,840014,나락 / 영기
2026-07-27 17:40,남성,5,절대검감,796075,김두루미 / 티아이 / 한중월야
2026-07-27 21:34,전체,1,김부장,783053,"박만사, 남자의 이야기 / 정종택"
2026-07-27 21:34,전체,2,외모지상주의,641253,박태준
2026-07-27 21:34,전체,3,참교육,758037,채용택 / 한가람
2026-07-27 21:34,전체,4,화산귀환,769209,"ARCHE, LICO / 비가"
2026-07-27 21:34,전체,5,시한부 천재가 살아남는 법,832703,JP / 윤승기 / 청시소
2026-07-27 21:34,여성,1,김부장,783053,"박만사, 남자의 이야기 / 정종택"
2026-07-27 21:34,여성,2,세레나,801475,정이나
2026-07-27 21:34,여성,3,똑 닮은 딸,774866,이담
2026-07-27 21:34,여성,4,외모지상주의,641253,박태준
2026-07-27 21:34,여성,5,소녀의 세계,654774,모랑지
2026-07-27 21:34,남성,1,김부장,783053,"박만사, 남자의 이야기 / 정종택"
2026-07-27 21:34,남성,2,외모지상주의,641253,박태준
2026-07-27 21:34,남성,3,시한부 천재가 살아남는 법,832703,JP / 윤승기 / 청시소
2026-07-27 21:34,남성,4,참교육,758037,채용택 / 한가람
2026-07-27 21:34,남성,5,절대검감,796075,김두루미 / 티아이 / 한중월야
2026-07-28 00:49,전체,1,김부장,783053,"박만사, 남자의 이야기 / 정종택"
2026-07-28 00:49,전체,2,44교시 생존수업,836848,상C
2026-07-28 00:49,전체,3,절대회귀,828715,JP / 박진환 / 장영훈
2026-07-28 00:49,전체,4,회귀한 용병은 다 계획이 있다,832557,골드행 / 박진석
2026-07-28 00:49,전체,5,외모지상주의,641253,박태준
2026-07-28 00:49,여성,1,44교시 생존수업,836848,상C
2026-07-28 00:49,여성,2,백작가의 비밀스런 시녀님,830106,MIDNIGHT STUDIO / 백주아
2026-07-28 00:49,여성,3,나쁜남자가 돼라!,847491,이연 / 자개
2026-07-28 00:49,여성,4,이섭의 연애,813454,248 / 김언희
2026-07-28 00:49,여성,5,엄마를 만나러 가는 길,834369,고먕
2026-07-28 00:49,남성,1,김부장,783053,"박만사, 남자의 이야기 / 정종택"
2026-07-28 00:49,남성,2,절대회귀,828715,JP / 박진환 / 장영훈
2026-07-28 00:49,남성,3,44교시 생존수업,836848,상C
2026-07-28 00:49,남성,4,회귀한 용병은 다 계획이 있다,832557,골드행 / 박진석
2026-07-28 00:49,남성,5,사신소년,730656,류
2026-07-28 02:50,전체,1,김부장,783053,"박만사, 남자의 이야기 / 정종택"
2026-07-28 02:50,전체,2,44교시 생존수업,836848,상C
2026-07-28 02:50,전체,3,절대회귀,828715,JP / 박진환 / 장영훈
2026-07-28 02:50,전체,4,외모지상주의,641253,박태준
2026-07-28 02:50,전체,5,회귀한 용병은 다 계획이 있다,832557,골드행 / 박진석
2026-07-28 02:50,여성,1,44교시 생존수업,836848,상C
2026-07-28 02:50,여성,2,백작가의 비밀스런 시녀님,830106,MIDNIGHT STUDIO / 백주아
2026-07-28 02:50,여성,3,엄마를 만나러 가는 길,834369,고먕
2026-07-28 02:50,여성,4,나쁜남자가 돼라!,847491,이연 / 자개
2026-07-28 02:50,여성,5,김부장,783053,"박만사, 남자의 이야기 / 정종택"
2026-07-28 02:50,남성,1,김부장,783053,"박만사, 남자의 이야기 / 정종택"
2026-07-28 02:50,남성,2,절대회귀,828715,JP / 박진환 / 장영훈
2026-07-28 02:50,남성,3,44교시 생존수업,836848,상C
2026-07-28 02:50,남성,4,외모지상주의,641253,박태준
2026-07-28 02:50,남성,5,회귀한 용병은 다 계획이 있다,832557,골드행 / 박진석
2026-07-28 04:47,전체,1,김부장,783053,"박만사, 남자의 이야기 / 정종택"
2026-07-28 04:47,전체,2,44교시 생존수업,836848,상C
2026-07-28 04:47,전체,3,절대회귀,828715,JP / 박진환 / 장영훈
2026-07-28 04:47,전체,4,외모지상주의,641253,박태준
2026-07-28 04:47,전체,5,회귀한 용병은 다 계획이 있다,832557,골드행 / 박진석
2026-07-28 04:47,여성,1,백작가의 비밀스런 시녀님,830106,MIDNIGHT STUDIO / 백주아
2026-07-28 04:47,여성,2,44교시 생존수업,836848,상C
2026-07-28 04:47,여성,3,김부장,783053,"박만사, 남자의 이야기 / 정종택"
2026-07-28 04:47,여성,4,엄마를 만나러 가는 길,834369,고먕
2026-07-28 04:47,여성,5,나쁜남자가 돼라!,847491,이연 / 자개
2026-07-28 04:47,남성,1,김부장,783053,"박만사, 남자의 이야기 / 정종택"
2026-07-28 04:47,남성,2,절대회귀,828715,JP / 박진환 / 장영훈
2026-07-28 04:47,남성,3,44교시 생존수업,836848,상C
2026-07-28 04:47,남성,4,회귀한 용병은 다 계획이 있다,832557,골드행 / 박진석
2026-07-28 04:47,남성,5,외모지상주의,641253,박태준
2026-07-28 06:20,전체,1,김부장,783053,"박만사, 남자의 이야기 / 정종택"
2026-07-28 06:20,전체,2,절대회귀,828715,JP / 박진환 / 장영훈
2026-07-28 06:20,전체,3,44교시 생존수업,836848,상C
2026-07-28 06:20,전체,4,회귀한 용병은 다 계획이 있다,832557,골드행 / 박진석
2026-07-28 06:20,전체,5,사신소년,730656,류
2026-07-28 06:20,여성,1,백작가의 비밀스런 시녀님,830106,MIDNIGHT STUDIO / 백주아
2026-07-28 06:20,여성,2,이섭의 연애,813454,248 / 김언희
2026-07-28 06:20,여성,3,나쁜남자가 돼라!,847491,이연 / 자개
2026-07-28 06:20,여성,4,44교시 생존수업,836848,상C
2026-07-28 06:20,여성,5,엄마를 만나러 가는 길,834369,고먕
2026-07-28 06:20,남성,1,절대회귀,828715,JP / 박진환 / 장영훈
2026-07-28 06:20,남성,2,김부장,783053,"박만사, 남자의 이야기 / 정종택"
2026-07-28 06:20,남성,3,회귀한 용병은 다 계획이 있다,832557,골드행 / 박진석
2026-07-28 06:20,남성,4,44교시 생존수업,836848,상C
2026-07-28 06:20,남성,5,사신소년,730656,류
2026-07-28 08:14,전체,1,김부장,783053,"박만사, 남자의 이야기 / 정종택"
2026-07-28 08:14,전체,2,절대회귀,828715,JP / 박진환 / 장영훈
2026-07-28 08:14,전체,3,44교시 생존수업,836848,상C
2026-07-28 08:14,전체,4,회귀한 용병은 다 계획이 있다,832557,골드행 / 박진석
2026-07-28 08:14,전체,5,사신소년,730656,류
2026-07-28 08:14,여성,1,44교시 생존수업,836848,상C
2026-07-28 08:14,여성,2,백작가의 비밀스런 시녀님,830106,MIDNIGHT STUDIO / 백주아
2026-07-28 08:14,여성,3,엄마를 만나러 가는 길,834369,고먕
2026-07-28 08:14,여성,4,이섭의 연애,813454,248 / 김언희
2026-07-28 08:14,여성,5,나쁜남자가 돼라!,847491,이연 / 자개
2026-07-28 08:14,남성,1,김부장,783053,"박만사, 남자의 이야기 / 정종택"
2026-07-28 08:14,남성,2,절대회귀,828715,JP / 박진환 / 장영훈
2026-07-28 08:14,남성,3,회귀한 용병은 다 계획이 있다,832557,골드행 / 박진석
2026-07-28 08:14,남성,4,44교시 생존수업,836848,상C
2026-07-28 08:14,남성,5,사신소년,730656,류
2026-07-28 12:27,전체,1,김부장,783053,"박만사, 남자의 이야기 / 정종택"
2026-07-28 12:27,전체,2,절대회귀,828715,JP / 박진환 / 장영훈
2026-07-28 12:27,전체,3,44교시 생존수업,836848,상C
2026-07-28 12:27,전체,4,외모지상주의,641253,박태준
2026-07-28 12:27,전체,5,회귀한 용병은 다 계획이 있다,832557,골드행 / 박진석
2026-07-28 12:27,여성,1,44교시 생존수업,836848,상C
2026-07-28 12:27,여성,2,클래스메이트,842086,수리부
2026-07-28 12:27,여성,3,김부장,783053,"박만사, 남자의 이야기 / 정종택"
2026-07-28 12:27,여성,4,백작가의 비밀스런 시녀님,830106,MIDNIGHT STUDIO / 백주아
2026-07-28 12:27,여성,5,엄마를 만나러 가는 길,834369,고먕
2026-07-28 12:27,남성,1,김부장,783053,"박만사, 남자의 이야기 / 정종택"
2026-07-28 12:27,남성,2,절대회귀,828715,JP / 박진환 / 장영훈
2026-07-28 12:27,남성,3,회귀한 용병은 다 계획이 있다,832557,골드행 / 박진석
2026-07-28 12:27,남성,4,사신소년,730656,류
2026-07-28 12:27,남성,5,44교시 생존수업,836848,상C
